
type="company" 
block="block/KS_EasyPulg.js"
generator="generator/KS_EasyPulg.js" 
language="language/KS_EasyPlug/" 
lib="KS_EasyPulg"
hardware="hardware/arduino"
media="media/KS_EasyPulg" 


<script type="text/javascript" src="../../blocks/company/KS_EasyPulg.js"></script>
<script type="text/javascript" src="../../generators/arduino/company/KS_EasyPulg.js"></script>
<category id="catKSRobot" name="Keyes_easyplug" colour="20">

	<!--                  控制输出                 -->
	<category id="controloutput1" name="Control output" colour="20">
		<block type="ks_a_Write">
			<value name="PIN">
				<shadow type="pins_digital"></shadow>
			</value>
			<value name="num">
				<shadow type="math_number">
					<field name="NUM">0</field>
				</shadow>
			</value>
		</block>
		<block type="ks_ledw">
			<value name="PIN">
				<shadow type="pins_digital"></shadow>
			</value>
		</block>
		<block type="ks_ledr">
			<value name="PIN">
				<shadow type="pins_digital"></shadow>
			</value>
		</block>
		<block type="ks_ledg">
			<value name="PIN">
				<shadow type="pins_digital"></shadow>
			</value>
		</block>

		<block type="ks_ledb">
			<value name="PIN">
				<shadow type="pins_digital"></shadow>
			</value>
		</block>
		<block type="ks_ledy">
			<value name="PIN">
				<shadow type="pins_digital"></shadow>
			</value>
		</block>

		<block type="ks_y_buzzer">
			<value name="PIN">
				<shadow type="pins_digital"></shadow>
			</value>
		</block>
	

        <block type="tone01">
			<value name="tone">
				<shadow type="FREQUENCY"></shadow>
			</value>
		</block>

		<!--          Small_Turtle_Robot蜂鸣器               -->
		<block type="buzzer">
			<value name="PIN">
				   <shadow type="pins_digital"></shadow>
			    </value>
			<value name="FREQUENCY">
				   <shadow type="tone01"></shadow>
			</value>
			
			<value name="DURATION">
				<shadow type="math_number">
					<field name="NUM">1000</field>
				</shadow>
			</value>

			
		</block>

		<!--          Small_Turtle_Robot音乐              -->
		<block type="music">
			<value name="PIN">
				<shadow type="pins_digital"></shadow>
			</value>
			
		</block>
		
		<!--          Small_Turtle_Robot关闭蜂鸣器               -->
		<block type="notone">
			<value name="PIN">
				<shadow type="pins_digital"></shadow>
			</value>
		</block>

		<block type="ks_relay">
			<value name="PIN">
				<shadow type="pins_digital"></shadow>
			</value>
		</block>
		<block type="ks_motor">
			<value name="PIN1">
				<shadow type="pins_digital"></shadow>
			</value>
			<value name="PIN2">
				<shadow type="pins_digital"></shadow>
			</value>
		</block>

		<block type="ks_servo">
			<value name="PIN">
				<shadow type="pins_digital"></shadow>
			</value>
			<value name="angle">
				<shadow type="math_number">
					<field name="NUM">0</field>
				</shadow>
			</value>
			<value name="time">
				<shadow type="math_number">
					<field name="NUM">0</field>
				</shadow>
			</value>
		</block>

		<block type="ks_servo_r">
			<value name="PIN">
				<shadow type="pins_digital"></shadow>
			</value>
		</block>
	</category>


	<!--                数字传感器              -->
	<category id="digitalRead" name="digital sensor" colour="20">

		<!--          人体红外传感器               -->
		<block type="ks_ir_g">
			<value name="PIN">
				<shadow type="pins_digital"></shadow>
			</value>
		</block>

		<!--          火焰传感器               -->
		<block type="ks_flame">
			<value name="PIN">
				<shadow type="pins_digital"></shadow>
			</value>
		</block>
		<!--          霍尔传感器               -->
		<block type="ks_hall">
			<value name="PIN">
				<shadow type="pins_digital"></shadow>
			</value>
		</block>

		<!--          碰撞传感器               -->
		<block type="ks_crash">
			<value name="PIN">
				<shadow type="pins_digital"></shadow>
			</value>
		</block>

		<!--          按键传感器               -->
		<block type="ks_button">
			<value name="PIN">
				<shadow type="pins_digital"></shadow>
			</value>
		</block>
		<!--          电容触摸传感器               -->
		<block type="ks_tuoch">
			<value name="PIN">
				<shadow type="pins_digital"></shadow>
			</value>
		</block>
		<!--          敲击传感器               -->
		<block type="ks_knock">
			<value name="PIN">
				<shadow type="pins_digital"></shadow>
			</value>
		</block>

		<!--          倾斜传感器               -->
		<block type="ks_tilt">
			<value name="PIN">
				<shadow type="pins_digital"></shadow>
			</value>
		</block>

		<!--          振动传感器               -->
		<block type="ks_shake">
			<value name="PIN">
				<shadow type="pins_digital"></shadow>
			</value>
		</block>

		<!--          干簧管传感器               -->
		<block type="ks_reed_s">
			<value name="PIN">
				<shadow type="pins_digital"></shadow>
			</value>
		</block>

		<!--          循迹传感器               -->
		<block type="ks_track">
			<value name="PIN">
				<shadow type="pins_digital"></shadow>
			</value>
		</block>

		<!--          避障传感器               -->
		<block type="ks_avoid">
			<value name="PIN">
				<shadow type="pins_digital"></shadow>
			</value>
		</block>

		<!--          光折断传感器               -->
		<block type="ks_light_b">
			<value name="PIN">
				<shadow type="pins_digital"></shadow>
			</value>
		</block>

	</category>

	<!--               模拟传感器              -->
	<category id="analogRead" name="analog sensor" colour="20">

		<!--              模拟温度传感器              -->
		<block type="ks_analog_t">
			<value name="PIN">
				<shadow type="pins_analog"></shadow>
			</value>
		</block>
		<!--              声音传感器              -->
		<block type="ks_sound">
			<value name="PIN">
				<shadow type="pins_analog"></shadow>
			</value>
		</block>
		<!--              光线传感器              -->
		<block type="ks_light">
			<value name="PIN">
				<shadow type="pins_analog"></shadow>
			</value>
		</block>
		<!--              水位传感器              -->
		<block type="ks_water">
			<value name="PIN">
				<shadow type="pins_analog"></shadow>
			</value>
		</block>
		<!--              土壤传感器              -->
		<block type="ks_soil">
			<value name="PIN">
				<shadow type="pins_analog"></shadow>
			</value>
		</block>
		<!--              电位器传感器              -->
		<block type="ks_potentiometer">
			<value name="PIN">
				<shadow type="pins_analog"></shadow>
			</value>
		</block>
		<!--              LM35传感器              -->
		<block type="ks_lm35">
			<value name="PIN">
				<shadow type="pins_analog"></shadow>
			</value>
		</block>
		<!--              滑动电位器              -->
		<block type="ks_slide_potentiometer">
			<value name="PIN">
				<shadow type="pins_analog"></shadow>
			</value>
		</block>
		<!--              TEMT6000环境光             -->
		<block type="ks_temt6000">
			<value name="PIN">
				<shadow type="pins_analog"></shadow>
			</value>
		</block>
		<!--              水蒸气传感器              -->
		<block type="ks_steam">
			<value name="PIN">
				<shadow type="pins_analog"></shadow>
			</value>
		</block>
		<!--              薄膜压力传感器              -->
		<block type="ks_film_p">
			<value name="PIN">
				<shadow type="pins_analog"></shadow>
			</value>
		</block>
		<!--              摇杆传感器              -->
		<block type="ks_joystick">
			<value name="PX">
				<shadow type="pins_analog"></shadow>
			</value>
			<value name="PY">
				<shadow type="pins_analog"></shadow>
			</value>
			<value name="PZ">
				<shadow type="pins_digital"></shadow>
			</value>
		</block>
		<!--              烟雾传感器              -->
		<block type="ks_smoke">
			<value name="PIN">
				<shadow type="pins_analog"></shadow>
			</value>
		</block>
		<!--              酒精传感器              -->
		<block type="ks_alcohol">
			<value name="PIN">
				<shadow type="pins_analog"></shadow>
			</value>
		</block>
		<!--              MQ135空气质量              -->
		<block type="ks_mq135">
			<value name="PIN">
				<shadow type="pins_analog"></shadow>
			</value>
		</block>
		
		
	</category>



	<category id="sensor" name="Special modules" colour="20">

		<block type="ks_sr01">
			<value name="PIN1">
				<shadow type="pins_digital">
					<field name="PIN">2</field>
				</shadow>
			</value>
			<value name="PIN2">
				<shadow type="pins_digital">
					<field name="PIN">3</field>
				</shadow>
			</value>	
		</block>

		<!--              18B20温度模块              -->
		<block type="ks_18b20">
			<value name="PIN">
				<shadow type="pins_digital"></shadow>
			</value>
		</block>

		<block type="ks_adxl345">
			<value name="PIN">
				<shadow type="pins_digital"></shadow>
			</value>
		</block> 

		<!--              BMP180高度计模块              -->
		<block type="ks_bmp180">
			
		</block>

		<!--              DS3231模块              -->
		<block type="ks_ds3231">
			<value name="dow">
				<shadow type="math_number">
					<field name="NUM">1</field>
				</shadow>
			</value>
			<value name="day">
				<shadow type="math_number">
					<field name="NUM">0</field>
				</shadow>
			</value>
			<value name="month">
				<shadow type="math_number">
					<field name="NUM">0</field>
				</shadow>
			</value>
			<value name="year">
				<shadow type="math_number">
					<field name="NUM">0</field>
				</shadow>
			</value>
			
			
			<value name="hour">
				<shadow type="math_number">
					<field name="NUM">0</field>
				</shadow>
			</value>
			<value name="minute">
				<shadow type="math_number">
					<field name="NUM">0</field>
				</shadow>
			</value>
			<value name="second">
				<shadow type="math_number">
					<field name="NUM">0</field>
				</shadow>
			</value>
		</block>

		<!--              DS3231读取时间模块             -->
		<block type="ks_ds3231getTime">
			
		</block>

		<!--              温湿度模块             -->
		<block type="ks_dht11">
			<value name="PIN">
				<shadow type="pins_digital"></shadow>
			</value>
		</block>

	</category>

	<category id="print" name="display screen" colour="20">

    <!--           RGB灯                -->
		<block type="ks_rgb">
			<value name="PIN">
				<shadow type="pins_digital"></shadow>
			</value>
			<value name="num01">
				<shadow type="math_number">
					<field name="NUM">0</field>
				</shadow>
			</value>
			<value name="red">
				<shadow type="math_number">
					<field name="NUM">0</field>
				</shadow>
			</value>
			<value name="green">
				<shadow type="math_number">
					<field name="NUM">0</field>
				</shadow>
			</value>
			<value name="blue">
				<shadow type="math_number">
					<field name="NUM">0</field>
				</shadow>
			</value>
		</block>

	 <!--           TM1637数码管初始化               -->	
		<block type="ks_tm1637_init">
			<value name="PIN1">
				<shadow type="pins_digital">4</shadow>
			</value>
			<value name="PIN2">
				<shadow type="pins_digital">3</shadow>
			</value>
		</block>

   <!--           TM1637数码管自定义显示              -->
		<block type="ks_tm1637_dy">
			<value name="num">
				<shadow type="math_number">
					<field name="NUM">0</field>
				</shadow>
			</value>
			<value name="weishu">
				<shadow type="math_number">
					<field name="NUM">0</field>
				</shadow>
			</value>
			<value name="wei">
				<shadow type="math_number">
					<field name="NUM">0</field>
				</shadow>
			</value>
		</block>

		<!--           TM1637数码管自定义显示是否填充0              -->
		<block type="ks_tm1637_tc">
			<value name="num">
				<shadow type="math_number">
					<field name="NUM">0</field>
				</shadow>
			</value>
			<value name="0and1">
				<shadow type="math_Boolean">
					<field name="NUM">0</field>
				</shadow>
			</value>
		</block>
		<!--           TM1637数码管亮度             -->
		<block type="ks_tm1637_ld">
			<value name="num">
				<shadow type="math_number">
					<field name="NUM">0</field>
				</shadow>
			</value>
		</block>

        <!--           TM1637数码管是否隐藏             -->
		<block type="ks_tm1637_yc">
			<value name="BOOL">
				<shadow type="math_Boolean">
					<field name="NUM">0</field>
				</shadow>
			</value>
		</block>

		<!--           TM1637数码管自定义显示是否显示冒号              -->
		<block type="ks_tm1637_mh">
			<value name="num1">
				<shadow type="math_number">
					<field name="NUM">0</field>
				</shadow>
			</value>
			<value name="num2">
				<shadow type="math_number">
					<field name="NUM">0</field>
				</shadow>
			<value name="BOOL">
				<shadow type="math_Boolean">
					<field name="NUM">0</field>
				</shadow>
			</value>
		</block>

<!--                   8*8点阵                    -->
	        
   			<block type="ks_matrix_init">
   				<value name="address">
					<shadow type="math_number">
						<field name="NUM">112</field>
					</shadow>
			    </value>
				<value name="PIN1">
					<shadow type="pins_digital">
						<field name="PIN">A4</field>
					</shadow>
				</value>
				<value name="PIN2">
					<shadow type="pins_digital">
						<field name="PIN">A5</field>
					</shadow>
				</value>
			</block>

   			<block type="ks_matrix1" name="点阵屏显示_显示图案">
				<value name="LEDArray">
					<block type="ks_matrix2"></block>
				</value>
			</block>

			<block type="ks_Matrix_CLEAR" name="清屏">
				
			</block>
			


	

        <!--                1602LCD                    -->
		<block type="ks_1602lcd">
			<value name="TEXT1">
				<block type="text">
					<field name="TEXT1"></field>
				</block>
			</value>
			<value name="TEXT2">
				<block type="text">
					<field name="TEXT2"></field>
				</block>
			</value>
			<value name="BOOL">
				<shadow type="math_Boolean">
					<field name="NUM">0</field>
				</shadow>
			</value>   
		</block>  

<!--                1602LCD                    -->
	<block type="ks_1602lcd_clear">

		</block>


	<block type="ks_2004lcd">
			<value name="TEXT1">
				<block type="text">
					<field name="TEXT1"></field>
				</block>
			</value>
			<value name="TEXT2">
				<block type="text">
					<field name="TEXT2"></field>
				</block>
			</value>
			<value name="TEXT3">
				<block type="text">
					<field name="TEXT3"></field>
				</block>
			</value>
			<value name="TEXT4">
				<block type="text">
					<field name="TEXT4"></field>
				</block>
			</value>
		</block>   


		<!--                1602LCD                    -->
	<block type="ks_2004lcd_clear">

		</block>


		<block type="ks_oled">
			<value name="size">
				<shadow type="math_number">
					<field name="NUM">0</field>
				</shadow>
			</value>
			<value name="TEXT1">
				<block type="text">
					<field name="TEXT1"></field>
				</block>
			</value>
			<value name="TEXT2">
				<block type="text">
					<field name="TEXT2"></field>
				</block>
			</value>
			<value name="TEXT3">
				<block type="text">
					<field name="TEXT3"></field>
				</block>
			</value>
			<value name="TEXT4">
				<block type="text">
					<field name="TEXT4"></field>
				</block>
			</value>
		</block>

		<block type="ks_oled_clear">
			
		</block>



	</category>

	<category id="communicate" name="communication" colour="20">

		<block type="ks_ir_r">
			<value name="PIN">
				<shadow type="pins_digital"></shadow>
			</value>
		</block>

		<block type="ks_ir_s">
			<value name="num1">
				<shadow type="math_number">
					<field name="NUM1">0x00</field>
				</shadow>
			</value>
		</block>

		<block type="ks_bluetooth">
			<value name="PIN1">
				<shadow type="pins_digital"></shadow>
			</value>
			<value name="PIN2">
				<shadow type="pins_digital"></shadow>
			</value>
		</block>

		

		<block type="ks_esp8266">
			<value name="TEXT1">
				<block type="text">
					<field name="TEXT1"></field>
				</block>
			</value>
			<value name="TEXT2">
				<block type="text">
					<field name="TEXT2"></field>
				</block>
			</value>

		</block>
        




		
	</category>

</category>